{
  "knn": {
    "accuracy": 0.7207792207792207,
    "f1": 0.5825242718446602
  },
  "logistic_regression": {
    "accuracy": 0.7337662337662337,
    "f1": 0.5591397849462365
  },
  "random_forest": {
    "accuracy": 0.7532467532467533,
    "f1": 0.62
  },
  "xgboost": {
    "accuracy": 0.7337662337662337,
    "f1": 0.616822429906542
  }
}